[
{
  "model": "auth.user",
  "fields": {
    "password": "pbkdf2_sha256$1000000$hDJC6CaycoP7FoVSMzHn63$j6cRMDtIpobJJ/ISZMqhzWbQZqMdEkS5l1XOPC4okVw=",
    "last_login": "2026-04-29T09:17:04.003Z",
    "is_superuser": true,
    "username": "admin",
    "first_name": "",
    "last_name": "",
    "email": "",
    "is_staff": true,
    "is_active": true,
    "date_joined": "2026-04-25T10:02:36.844Z",
    "groups": [],
    "user_permissions": []
  }
},
{
  "model": "auth.user",
  "fields": {
    "password": "pbkdf2_sha256$1000000$8wpasvbzIB7iBFtCVdNqRX$TdN/923efMmzKj6CgVqxJzCbR1vfLPvQXdJGKJMe+lg=",
    "last_login": "2026-04-27T13:56:11.110Z",
    "is_superuser": false,
    "username": "موظف سكاي ",
    "first_name": "",
    "last_name": "",
    "email": "",
    "is_staff": false,
    "is_active": true,
    "date_joined": "2026-04-26T19:13:30.675Z",
    "groups": [],
    "user_permissions": []
  }
},
{
  "model": "auth.user",
  "fields": {
    "password": "pbkdf2_sha256$1000000$E2Mtdmh8H4YvfctMg9irTr$gRT+CMQXy4H2ANnXoyEbRDncxLShapJ26sUkGlAOie8=",
    "last_login": "2026-04-27T13:56:45.257Z",
    "is_superuser": false,
    "username": "مدير اسكاي ",
    "first_name": "",
    "last_name": "",
    "email": "",
    "is_staff": false,
    "is_active": true,
    "date_joined": "2026-04-26T19:13:55.548Z",
    "groups": [],
    "user_permissions": []
  }
},
{
  "model": "core.company",
  "pk": 1,
  "fields": {
    "created_at": "2026-04-25T22:29:42.931Z",
    "updated_at": "2026-04-25T22:29:42.931Z",
    "is_deleted": false,
    "deleted_at": null,
    "name": "شركة الموارد البشرية المتقدمة",
    "tax_number": "300012345600003",
    "commercial_record": "1010123456",
    "logo": "",
    "contact_email": "info@hr-company.com",
    "contact_phone": "+966501234567",
    "address": "الرياض، المملكة العربية السعودية"
  }
},
{
  "model": "core.branch",
  "pk": 4,
  "fields": {
    "created_at": "2026-04-26T12:30:43.957Z",
    "updated_at": "2026-04-26T19:21:58.637Z",
    "is_deleted": false,
    "deleted_at": null,
    "name": "سكاي مول ",
    "code": "6",
    "company": 1,
    "manager": [
      "مدير اسكاي "
    ],
    "address": "",
    "phone": "",
    "email": "",
    "is_active": true
  }
},
{
  "model": "core.branch",
  "pk": 5,
  "fields": {
    "created_at": "2026-04-26T12:32:42.052Z",
    "updated_at": "2026-04-26T12:32:42.068Z",
    "is_deleted": false,
    "deleted_at": null,
    "name": "المنصورة",
    "code": "8",
    "company": 1,
    "manager": null,
    "address": "",
    "phone": "",
    "email": "",
    "is_active": true
  }
},
{
  "model": "core.branch",
  "pk": 6,
  "fields": {
    "created_at": "2026-04-26T12:32:59.106Z",
    "updated_at": "2026-04-26T12:32:59.120Z",
    "is_deleted": false,
    "deleted_at": null,
    "name": "الواحة",
    "code": "12",
    "company": 1,
    "manager": null,
    "address": "",
    "phone": "",
    "email": "",
    "is_active": true
  }
},
{
  "model": "core.branch",
  "pk": 7,
  "fields": {
    "created_at": "2026-04-26T12:33:11.078Z",
    "updated_at": "2026-04-26T12:33:11.094Z",
    "is_deleted": false,
    "deleted_at": null,
    "name": "الحلويات",
    "code": "1",
    "company": 1,
    "manager": null,
    "address": "",
    "phone": "",
    "email": "",
    "is_active": true
  }
},
{
  "model": "core.branch",
  "pk": 8,
  "fields": {
    "created_at": "2026-04-26T12:33:28.141Z",
    "updated_at": "2026-04-26T12:33:28.156Z",
    "is_deleted": false,
    "deleted_at": null,
    "name": "الغذائيه ",
    "code": "9",
    "company": 1,
    "manager": null,
    "address": "",
    "phone": "",
    "email": "",
    "is_active": true
  }
},
{
  "model": "core.branch",
  "pk": 9,
  "fields": {
    "created_at": "2026-04-26T12:33:39.645Z",
    "updated_at": "2026-04-26T12:33:39.660Z",
    "is_deleted": false,
    "deleted_at": null,
    "name": "خميس مشيط",
    "code": "20",
    "company": 1,
    "manager": null,
    "address": "",
    "phone": "",
    "email": "",
    "is_active": true
  }
},
{
  "model": "core.branch",
  "pk": 10,
  "fields": {
    "created_at": "2026-04-26T12:33:50.231Z",
    "updated_at": "2026-04-26T12:33:50.248Z",
    "is_deleted": false,
    "deleted_at": null,
    "name": "حائل ",
    "code": "18",
    "company": 1,
    "manager": null,
    "address": "",
    "phone": "",
    "email": "",
    "is_active": true
  }
},
{
  "model": "core.branch",
  "pk": 11,
  "fields": {
    "created_at": "2026-04-26T12:33:59.626Z",
    "updated_at": "2026-04-26T12:33:59.642Z",
    "is_deleted": false,
    "deleted_at": null,
    "name": "بريدة",
    "code": "19",
    "company": 1,
    "manager": null,
    "address": "",
    "phone": "",
    "email": "",
    "is_active": true
  }
},
{
  "model": "core.branch",
  "pk": 12,
  "fields": {
    "created_at": "2026-04-26T12:34:11.893Z",
    "updated_at": "2026-04-26T12:34:11.911Z",
    "is_deleted": false,
    "deleted_at": null,
    "name": "ركن التغليف ",
    "code": "16",
    "company": 1,
    "manager": null,
    "address": "",
    "phone": "",
    "email": "",
    "is_active": true
  }
},
{
  "model": "core.role",
  "pk": 5,
  "fields": {
    "created_at": "2026-04-25T20:56:47.136Z",
    "updated_at": "2026-04-25T20:56:47.136Z",
    "is_deleted": false,
    "deleted_at": null,
    "name": "الأدمن",
    "role_type": "admin",
    "description": "صلاحيات كاملة على جميع أجزاء النظام. يمكنه إدارة المستخدمين والإعدادات وجميع البيانات.",
    "is_system_role": true,
    "is_active": true
  }
},
{
  "model": "core.role",
  "pk": 6,
  "fields": {
    "created_at": "2026-04-25T20:56:47.139Z",
    "updated_at": "2026-04-25T20:56:47.139Z",
    "is_deleted": false,
    "deleted_at": null,
    "name": "مدير فرع او ادارة موظف",
    "role_type": "manager",
    "description": "يمكنه عرض وإدارة موظفي فرعه/قسمه، والموافقة على الإجازات والحضور.",
    "is_system_role": true,
    "is_active": true
  }
},
{
  "model": "core.role",
  "pk": 7,
  "fields": {
    "created_at": "2026-04-25T20:56:47.142Z",
    "updated_at": "2026-04-25T20:56:47.142Z",
    "is_deleted": false,
    "deleted_at": null,
    "name": "الموارد البشرية",
    "role_type": "hr_manager",
    "description": "صلاحيات إدارة شؤون الموظفين، الرواتب، الحضور، والإجازات.",
    "is_system_role": true,
    "is_active": true
  }
},
{
  "model": "core.role",
  "pk": 8,
  "fields": {
    "created_at": "2026-04-25T20:56:47.145Z",
    "updated_at": "2026-04-25T20:56:47.145Z",
    "is_deleted": false,
    "deleted_at": null,
    "name": "موظف",
    "role_type": "employee",
    "description": "موظف عادي يمكنه فقط عرض بياناته الشخصية وطلب الإجازات.",
    "is_system_role": true,
    "is_active": true
  }
},
{
  "model": "core.role",
  "pk": 9,
  "fields": {
    "created_at": "2026-04-25T22:18:56.166Z",
    "updated_at": "2026-04-25T22:18:56.166Z",
    "is_deleted": false,
    "deleted_at": null,
    "name": "أخصائي موارد مشتريات",
    "role_type": "specialist",
    "description": "متخصص في إدارة عمليات الموارد والمشتريات",
    "is_system_role": false,
    "is_active": true
  }
},
{
  "model": "core.userprofile",
  "pk": 1,
  "fields": {
    "created_at": "2026-04-25T18:37:59.572Z",
    "updated_at": "2026-04-29T09:17:04.013Z",
    "is_deleted": false,
    "deleted_at": null,
    "user": [
      "admin"
    ],
    "role": 5,
    "branch": null,
    "user_number": "1",
    "phone": "",
    "department": null,
    "position": "",
    "avatar": "",
    "is_protected": false,
    "assigned_branches": []
  }
},
{
  "model": "core.userprofile",
  "pk": 3,
  "fields": {
    "created_at": "2026-04-26T19:13:31.297Z",
    "updated_at": "2026-04-27T13:56:11.119Z",
    "is_deleted": false,
    "deleted_at": null,
    "user": [
      "موظف سكاي "
    ],
    "role": 8,
    "branch": 4,
    "user_number": "2",
    "phone": "",
    "department": null,
    "position": "",
    "avatar": "",
    "is_protected": false,
    "assigned_branches": []
  }
},
{
  "model": "core.userprofile",
  "pk": 4,
  "fields": {
    "created_at": "2026-04-26T19:13:56.333Z",
    "updated_at": "2026-04-27T13:56:45.265Z",
    "is_deleted": false,
    "deleted_at": null,
    "user": [
      "مدير اسكاي "
    ],
    "role": 6,
    "branch": 4,
    "user_number": "3",
    "phone": "",
    "department": null,
    "position": "",
    "avatar": "",
    "is_protected": false,
    "assigned_branches": []
  }
},
{
  "model": "core.pendingaction",
  "pk": 1,
  "fields": {
    "created_at": "2026-04-28T16:20:40.745Z",
    "updated_at": "2026-04-28T16:20:40.745Z",
    "is_deleted": false,
    "deleted_at": null,
    "action_type": "reactivate",
    "status": "pending",
    "employee": 2,
    "branch": 4,
    "payload": {
      "new_hire_date": "2026-04-28",
      "reactivation_reason": "رلر",
      "new_status": "active"
    },
    "attachment": "",
    "requested_by": [
      "admin"
    ],
    "requested_at": "2026-04-28T16:20:40.745Z",
    "reviewed_by": null,
    "reviewed_at": null,
    "review_notes": "",
    "executed_at": null,
    "execution_error": ""
  }
},
{
  "model": "core.pendingaction",
  "pk": 2,
  "fields": {
    "created_at": "2026-04-28T16:27:38.864Z",
    "updated_at": "2026-04-28T16:27:38.864Z",
    "is_deleted": false,
    "deleted_at": null,
    "action_type": "salary_adjust",
    "status": "approved",
    "employee": 1,
    "branch": 4,
    "payload": {
      "new_basic_salary": "100",
      "effective_date": "2026-04-01",
      "reason": "هيكله"
    },
    "attachment": "",
    "requested_by": [
      "admin"
    ],
    "requested_at": "2026-04-28T16:27:38.864Z",
    "reviewed_by": [
      "admin"
    ],
    "reviewed_at": "2026-04-29T18:26:09.236Z",
    "review_notes": "",
    "executed_at": "2026-04-29T18:26:09.249Z",
    "execution_error": ""
  }
},
{
  "model": "setup.nationality",
  "pk": 1,
  "fields": {
    "created_at": "2026-04-28T16:08:46.020Z",
    "updated_at": "2026-04-28T16:08:46.020Z",
    "is_deleted": false,
    "deleted_at": null,
    "code": "1",
    "name": "السعودية",
    "is_active": true
  }
},
{
  "model": "setup.nationality",
  "pk": 2,
  "fields": {
    "created_at": "2026-04-28T16:09:46.611Z",
    "updated_at": "2026-04-28T16:09:46.611Z",
    "is_deleted": false,
    "deleted_at": null,
    "code": "2",
    "name": "اليمن",
    "is_active": true
  }
},
{
  "model": "setup.nationality",
  "pk": 3,
  "fields": {
    "created_at": "2026-04-28T16:10:00.091Z",
    "updated_at": "2026-04-28T16:10:00.091Z",
    "is_deleted": false,
    "deleted_at": null,
    "code": "3",
    "name": "مصر",
    "is_active": true
  }
},
{
  "model": "setup.nationality",
  "pk": 4,
  "fields": {
    "created_at": "2026-04-28T16:10:13.253Z",
    "updated_at": "2026-04-28T16:10:13.253Z",
    "is_deleted": false,
    "deleted_at": null,
    "code": "4",
    "name": "السودان",
    "is_active": true
  }
},
{
  "model": "setup.nationality",
  "pk": 5,
  "fields": {
    "created_at": "2026-04-28T16:10:24.262Z",
    "updated_at": "2026-04-28T16:10:24.262Z",
    "is_deleted": false,
    "deleted_at": null,
    "code": "5",
    "name": "بنجلاديش",
    "is_active": true
  }
},
{
  "model": "setup.nationality",
  "pk": 6,
  "fields": {
    "created_at": "2026-04-28T16:10:45.392Z",
    "updated_at": "2026-04-28T16:10:45.392Z",
    "is_deleted": false,
    "deleted_at": null,
    "code": "6",
    "name": "الفلبين",
    "is_active": true
  }
},
{
  "model": "setup.profession",
  "pk": 1,
  "fields": {
    "created_at": "2026-04-28T16:11:13.820Z",
    "updated_at": "2026-04-28T16:11:13.820Z",
    "is_deleted": false,
    "deleted_at": null,
    "code": "1",
    "name": "مشرف صالة",
    "is_active": true
  }
},
{
  "model": "setup.profession",
  "pk": 2,
  "fields": {
    "created_at": "2026-04-28T16:11:25.638Z",
    "updated_at": "2026-04-28T16:11:25.638Z",
    "is_deleted": false,
    "deleted_at": null,
    "code": "2",
    "name": "فني كيمرات",
    "is_active": true
  }
},
{
  "model": "setup.profession",
  "pk": 3,
  "fields": {
    "created_at": "2026-04-28T16:11:39.942Z",
    "updated_at": "2026-04-28T16:11:39.942Z",
    "is_deleted": false,
    "deleted_at": null,
    "code": "3",
    "name": "تقنيه معلومات",
    "is_active": true
  }
},
{
  "model": "setup.profession",
  "pk": 4,
  "fields": {
    "created_at": "2026-04-28T16:11:52.601Z",
    "updated_at": "2026-04-28T16:11:52.601Z",
    "is_deleted": false,
    "deleted_at": null,
    "code": "4",
    "name": "مدخل بيانات",
    "is_active": true
  }
},
{
  "model": "setup.profession",
  "pk": 5,
  "fields": {
    "created_at": "2026-04-28T16:12:05.344Z",
    "updated_at": "2026-04-28T16:12:05.344Z",
    "is_deleted": false,
    "deleted_at": null,
    "code": "5",
    "name": "عامل رف",
    "is_active": true
  }
},
{
  "model": "setup.profession",
  "pk": 6,
  "fields": {
    "created_at": "2026-04-28T16:12:32.650Z",
    "updated_at": "2026-04-28T16:12:32.650Z",
    "is_deleted": false,
    "deleted_at": null,
    "code": "6",
    "name": "مسئول قسم",
    "is_active": true
  }
},
{
  "model": "setup.profession",
  "pk": 7,
  "fields": {
    "created_at": "2026-04-28T16:12:51.913Z",
    "updated_at": "2026-04-28T16:12:51.913Z",
    "is_deleted": false,
    "deleted_at": null,
    "code": "7",
    "name": "جزار",
    "is_active": true
  }
},
{
  "model": "setup.profession",
  "pk": 8,
  "fields": {
    "created_at": "2026-04-28T16:13:08.732Z",
    "updated_at": "2026-04-28T16:13:08.732Z",
    "is_deleted": false,
    "deleted_at": null,
    "code": "8",
    "name": "امين مستودع",
    "is_active": true
  }
},
{
  "model": "setup.profession",
  "pk": 9,
  "fields": {
    "created_at": "2026-04-28T16:13:22.051Z",
    "updated_at": "2026-04-28T16:13:22.051Z",
    "is_deleted": false,
    "deleted_at": null,
    "code": "9",
    "name": "تحميل وتنزل",
    "is_active": true
  }
},
{
  "model": "setup.profession",
  "pk": 10,
  "fields": {
    "created_at": "2026-04-28T16:13:35.243Z",
    "updated_at": "2026-04-28T16:13:35.243Z",
    "is_deleted": false,
    "deleted_at": null,
    "code": "10",
    "name": "محاسب",
    "is_active": true
  }
},
{
  "model": "setup.profession",
  "pk": 11,
  "fields": {
    "created_at": "2026-04-28T16:13:50.880Z",
    "updated_at": "2026-04-28T16:13:50.880Z",
    "is_deleted": false,
    "deleted_at": null,
    "code": "11",
    "name": "صندوق مالي",
    "is_active": true
  }
},
{
  "model": "setup.profession",
  "pk": 12,
  "fields": {
    "created_at": "2026-04-28T16:14:04.030Z",
    "updated_at": "2026-04-28T16:14:04.030Z",
    "is_deleted": false,
    "deleted_at": null,
    "code": "12",
    "name": "كاشير",
    "is_active": true
  }
},
{
  "model": "setup.sponsorship",
  "pk": 2,
  "fields": {
    "created_at": "2026-04-28T16:15:39.258Z",
    "updated_at": "2026-04-28T16:15:39.258Z",
    "is_deleted": false,
    "deleted_at": null,
    "code": "1",
    "company_name": "الشركة",
    "is_active": true
  }
},
{
  "model": "setup.insurance",
  "pk": 1,
  "fields": {
    "created_at": "2026-04-28T16:17:32.575Z",
    "updated_at": "2026-04-28T16:17:32.576Z",
    "is_deleted": false,
    "deleted_at": null,
    "code": "1",
    "insurance_type": "ملاذ",
    "is_active": true
  }
},
{
  "model": "cost_centers.costcenter",
  "pk": 2,
  "fields": {
    "created_at": "2026-04-26T19:16:16.540Z",
    "updated_at": "2026-04-26T19:16:26.641Z",
    "is_deleted": false,
    "deleted_at": null,
    "code": "القسم التقني",
    "name": "226",
    "branch": null,
    "description": null,
    "budget": "0.00",
    "is_active": true
  }
},
{
  "model": "departments.department",
  "pk": 2,
  "fields": {
    "created_at": "2026-04-26T19:15:51.345Z",
    "updated_at": "2026-04-26T19:15:51.345Z",
    "is_deleted": false,
    "deleted_at": null,
    "code": "القسم التقني",
    "name": "1",
    "branch": null,
    "cost_center": null,
    "description": null,
    "manager": null,
    "is_active": true
  }
},
{
  "model": "employees.employmentrequest",
  "pk": 1,
  "fields": {
    "created_at": "2026-04-26T19:17:34.367Z",
    "updated_at": "2026-04-26T19:26:57.494Z",
    "is_deleted": false,
    "deleted_at": null,
    "name": "هارون الاهدل",
    "branch": 4,
    "department": 2,
    "cost_center": 2,
    "commencement_document": "employment_requests/WhatsApp_Image_2026-04-26_at_7.32.38_PM.jpeg",
    "status": "approved",
    "requested_by": [
      "موظف سكاي "
    ],
    "reviewed_by": [
      "مدير اسكاي "
    ],
    "reviewed_at": "2026-04-26T19:26:57.494Z",
    "review_notes": ""
  }
},
{
  "model": "employees.employmentrequest",
  "pk": 2,
  "fields": {
    "created_at": "2026-04-27T13:55:21.852Z",
    "updated_at": "2026-04-27T13:55:21.852Z",
    "is_deleted": false,
    "deleted_at": null,
    "name": "ثامر",
    "branch": 7,
    "department": 2,
    "cost_center": 2,
    "commencement_document": "employment_requests/WhatsApp_Image_2026-04-20_at_2.00.56_PM.jpeg",
    "status": "pending",
    "requested_by": [
      "موظف سكاي "
    ],
    "reviewed_by": null,
    "reviewed_at": null,
    "review_notes": ""
  }
},
{
  "model": "employees.employmentrequest",
  "pk": 3,
  "fields": {
    "created_at": "2026-04-27T13:56:34.260Z",
    "updated_at": "2026-04-27T13:57:00.944Z",
    "is_deleted": false,
    "deleted_at": null,
    "name": "ثامر",
    "branch": 4,
    "department": 2,
    "cost_center": 2,
    "commencement_document": "employment_requests/WhatsApp_Image_2026-04-20_at_2_0g6eOoi.00.56_PM.jpeg",
    "status": "approved",
    "requested_by": [
      "موظف سكاي "
    ],
    "reviewed_by": [
      "مدير اسكاي "
    ],
    "reviewed_at": "2026-04-27T13:57:00.944Z",
    "review_notes": ""
  }
},
{
  "model": "employees.employee",
  "pk": 1,
  "fields": {
    "created_at": "2026-04-26T19:26:57.519Z",
    "updated_at": "2026-04-29T16:30:46.660Z",
    "is_deleted": false,
    "deleted_at": null,
    "name": "هارون الاهدل",
    "id_number": "2533169484",
    "phone": "",
    "email": "",
    "employee_number": "",
    "nationality": 2,
    "profession": null,
    "sponsorship": 2,
    "branch": 4,
    "department": 2,
    "cost_center": 2,
    "insurance": 1,
    "insurance_class": null,
    "hire_date": null,
    "end_date": null,
    "passport_expiry_date": null,
    "status": "active",
    "end_reason": "",
    "basic_salary": "100.00",
    "housing_allowance": "0.00",
    "transport_allowance": "0.00",
    "other_allowance": "0.00",
    "cash_amount": "0.00",
    "insurance_deduction_rate": "0.00",
    "available_leave_balance": "0.0",
    "leaves_archive": "",
    "attendance_notes": "",
    "work_schedule": "{\"version\": 3, \"boxes\": [{\"id\": \"b17774718128081\", \"year\": 2026, \"month\": 10, \"days\": [4, 6, 7, 8, 9, 10, 11, 12, 15, 16, 17, 18]}, {\"id\": \"b17774735195601\", \"year\": 2026, \"month\": 10, \"days\": [12, 13, 15, 16]}, {\"id\": \"b17774739500781\", \"year\": 2026, \"month\": 2, \"days\": [9, 10]}, {\"id\": \"b17774741172661\", \"year\": 2026, \"month\": 6, \"days\": [9, 10, 11, 12]}, {\"id\": \"b17774743929681\", \"year\": 2026, \"month\": 4, \"days\": [8]}, {\"id\": \"b17774743966612\", \"year\": 2026, \"month\": 4, \"days\": []}, {\"id\": \"b17774743973383\", \"year\": 2026, \"month\": 4, \"days\": [13, 14, 15, 22]}, {\"id\": \"b17774857361971\", \"year\": 2026, \"month\": 4, \"days\": [8, 16]}, {\"id\": \"b17774863422841\", \"year\": 2026, \"month\": 4, \"days\": [12, 16, 21, 23, 25]}, {\"id\": \"b17774878005351\", \"year\": 2026, \"month\": 4, \"days\": [14, 15, 16, 21, 22]}]}",
    "statements": "",
    "warnings": "",
    "commencement_document": "employment_requests/WhatsApp_Image_2026-04-26_at_7.32.38_PM.jpeg",
    "id_document": "",
    "passport_document": "",
    "contract_document": "",
    "other_documents": "",
    "employment_request": 1
  }
},
{
  "model": "employees.employee",
  "pk": 2,
  "fields": {
    "created_at": "2026-04-27T13:57:00.969Z",
    "updated_at": "2026-04-27T21:01:19.513Z",
    "is_deleted": false,
    "deleted_at": null,
    "name": "ثامر",
    "id_number": "",
    "phone": "",
    "email": "",
    "employee_number": "",
    "nationality": null,
    "profession": null,
    "sponsorship": 1,
    "branch": 4,
    "department": 2,
    "cost_center": 2,
    "insurance": null,
    "insurance_class": null,
    "hire_date": null,
    "end_date": "2026-04-28",
    "passport_expiry_date": null,
    "status": "terminated",
    "end_reason": "",
    "basic_salary": "0.00",
    "housing_allowance": "0.00",
    "transport_allowance": "0.00",
    "other_allowance": "0.00",
    "cash_amount": "0.00",
    "insurance_deduction_rate": "0.00",
    "available_leave_balance": "0.0",
    "leaves_archive": "",
    "attendance_notes": "",
    "work_schedule": "",
    "statements": "",
    "warnings": "",
    "commencement_document": "employment_requests/WhatsApp_Image_2026-04-20_at_2_0g6eOoi.00.56_PM.jpeg",
    "id_document": "",
    "passport_document": "",
    "contract_document": "",
    "other_documents": "",
    "employment_request": 3
  }
},
{
  "model": "employees.employeestatement",
  "pk": 1,
  "fields": {
    "created_at": "2026-04-27T22:00:55.017Z",
    "updated_at": "2026-04-27T22:00:55.018Z",
    "is_deleted": false,
    "deleted_at": null,
    "employee": 1,
    "statement_type": "transfer",
    "title": "نقل موظف",
    "statement_date": "2026-04-22",
    "content": "تاريخ النقل: 2026-04-22\nالسبب: هيكله\n───────────────────\nالفرع:  سكاي مول   ←  سكاي مول \nالقسم:  1  ←  1",
    "document": "",
    "serial_number": "",
    "employee_email": "",
    "hr_email": "",
    "email_sent_at": null,
    "email_error": "",
    "created_by": [
      "admin"
    ]
  }
},
{
  "model": "employees.employeestatement",
  "pk": 2,
  "fields": {
    "created_at": "2026-04-27T22:24:14.660Z",
    "updated_at": "2026-04-27T22:24:14.660Z",
    "is_deleted": false,
    "deleted_at": null,
    "employee": 1,
    "statement_type": "final_warning",
    "title": "تاخر متككرر",
    "statement_date": "2026-04-28",
    "content": "نننن",
    "document": "employees/statements/WhatsApp_Image_2026-04-20_at_2.00.56_PM.jpeg",
    "serial_number": "FWR-2026-0001",
    "employee_email": "abotalya65@gmail.com",
    "hr_email": "abotalya65@gmail.com",
    "email_sent_at": "2026-04-27T22:24:17.272Z",
    "email_error": "",
    "created_by": [
      "admin"
    ]
  }
},
{
  "model": "employees.employeestatement",
  "pk": 3,
  "fields": {
    "created_at": "2026-04-28T16:30:06.218Z",
    "updated_at": "2026-04-28T16:30:06.218Z",
    "is_deleted": false,
    "deleted_at": null,
    "employee": 1,
    "statement_type": "final_warning",
    "title": "d",
    "statement_date": "2026-04-28",
    "content": "d",
    "document": "employees/statements/WhatsApp_Image_2026-04-20_at_2_B2MZCF6.00.56_PM.jpeg",
    "serial_number": "FWR-2026-0002",
    "employee_email": "abotalya65@gmail.com",
    "hr_email": "thamerr91@gmail.com",
    "email_sent_at": "2026-04-28T16:30:09.085Z",
    "email_error": "",
    "created_by": [
      "admin"
    ]
  }
},
{
  "model": "employees.employeestatement",
  "pk": 4,
  "fields": {
    "created_at": "2026-04-28T16:54:03.878Z",
    "updated_at": "2026-04-28T16:54:03.878Z",
    "is_deleted": false,
    "deleted_at": null,
    "employee": 1,
    "statement_type": "warning",
    "title": "سبس",
    "statement_date": "2026-04-21",
    "content": "سرس",
    "document": "employees/statements/WhatsApp_Image_2026-04-26_at_7.32.38_PM.jpeg",
    "serial_number": "WRN-2026-0001",
    "employee_email": "abotalya65@gmail.com",
    "hr_email": "abotalya65@gmail.com",
    "email_sent_at": "2026-04-28T16:54:05.780Z",
    "email_error": "",
    "created_by": [
      "admin"
    ]
  }
},
{
  "model": "employees.employeestatement",
  "pk": 5,
  "fields": {
    "created_at": "2026-04-28T16:54:58.232Z",
    "updated_at": "2026-04-28T16:54:58.232Z",
    "is_deleted": false,
    "deleted_at": null,
    "employee": 1,
    "statement_type": "final_warning",
    "title": "رسر",
    "statement_date": "2026-04-21",
    "content": "سسر",
    "document": "employees/statements/WhatsApp_Image_2026-04-20_at_2_WkDhR24.00.56_PM.jpeg",
    "serial_number": "FWR-2026-0003",
    "employee_email": "abotalya65@gmail.com",
    "hr_email": "abotalya65@gmail.com",
    "email_sent_at": "2026-04-28T16:55:00.026Z",
    "email_error": "",
    "created_by": [
      "admin"
    ]
  }
},
{
  "model": "employees.employeestatement",
  "pk": 6,
  "fields": {
    "created_at": "2026-04-28T18:24:22.482Z",
    "updated_at": "2026-04-28T18:24:22.482Z",
    "is_deleted": false,
    "deleted_at": null,
    "employee": 1,
    "statement_type": "final_warning",
    "title": "iiu",
    "statement_date": "2026-04-02",
    "content": "89h8h",
    "document": "employees/statements/WhatsApp_Image_2026-04-26_at_7_GoetQEQ.32.38_PM.jpeg",
    "serial_number": "FWR-2026-0004",
    "employee_email": "abotalya65@gmail.com",
    "hr_email": "abotalya65@gmail.com",
    "email_sent_at": null,
    "email_error": "Invalid block tag on line 10: 'elif', expected 'endwith'. Did you forget to register or load this tag?",
    "created_by": [
      "admin"
    ]
  }
},
{
  "model": "employees.employeestatement",
  "pk": 7,
  "fields": {
    "created_at": "2026-04-28T18:35:16.293Z",
    "updated_at": "2026-04-28T18:35:16.293Z",
    "is_deleted": false,
    "deleted_at": null,
    "employee": 1,
    "statement_type": "acknowledgment",
    "title": "dvb",
    "statement_date": "2026-04-28",
    "content": "dvdv",
    "document": "employees/statements/WhatsApp_Image_2026-04-20_at_2_YbevMNN.00.56_PM.jpeg",
    "serial_number": "ACK-2026-0001",
    "employee_email": "abotalya65@gmail.com",
    "hr_email": "abotalya65@gmail.com",
    "email_sent_at": null,
    "email_error": "Invalid block tag on line 10: 'elif', expected 'endwith'. Did you forget to register or load this tag?",
    "created_by": [
      "admin"
    ]
  }
},
{
  "model": "employees.employeestatement",
  "pk": 8,
  "fields": {
    "created_at": "2026-04-28T18:43:06.418Z",
    "updated_at": "2026-04-28T18:43:06.418Z",
    "is_deleted": false,
    "deleted_at": null,
    "employee": 1,
    "statement_type": "statement",
    "title": "بليب",
    "statement_date": "2026-04-28",
    "content": "بلاب",
    "document": "employees/statements/WhatsApp_Image_2026-04-20_at_2_M2kya8m.00.56_PM.jpeg",
    "serial_number": "STM-2026-0001",
    "employee_email": "abotalya65@gmail.com",
    "hr_email": "abotalya65@gmail.com",
    "email_sent_at": "2026-04-28T18:43:08.947Z",
    "email_error": "",
    "created_by": [
      "admin"
    ]
  }
},
{
  "model": "employees.employeestatement",
  "pk": 9,
  "fields": {
    "created_at": "2026-04-29T18:26:09.246Z",
    "updated_at": "2026-04-29T18:26:09.246Z",
    "is_deleted": false,
    "deleted_at": null,
    "employee": 1,
    "statement_type": "salary_adjust",
    "title": "تعديل راتب — زيادة",
    "statement_date": "2026-04-01",
    "content": "تاريخ التعديل: 2026-04-01\nالسبب: هيكله\n───────────────────\nالراتب الأساسي:  0.00  ←  100  ر.س\nالإجمالي السابق: 0.00  ر.س\nالإجمالي الجديد: 100.00  ر.س\nالفرق: +100.00  ر.س  (+0.0%)",
    "document": "",
    "serial_number": "",
    "employee_email": "",
    "hr_email": "",
    "email_sent_at": null,
    "email_error": "",
    "created_by": [
      "admin"
    ]
  }
}
]
